dyad,background,months,task,gesture,count_raw,count,ct_raw,ct,pro_rata
b01,Bengali,10,five,reach,5,5,1,1,no
b01,Bengali,10,five,point,0,0,0,0,no
b01,Bengali,10,five,ho_gv,0,0,0,0,no
b01,Bengali,10,tp1,reach,0,0,0,0,no
b01,Bengali,10,tp1,point,0,0,0,0,no
b01,Bengali,10,tp1,ho_gv,0,0,0,0,no
b01,Bengali,10,tp2,reach,0,0,0,0,no
b01,Bengali,10,tp2,point,0,0,0,0,no
b01,Bengali,10,tp2,ho_gv,0,0,0,0,no
b01,Bengali,11,five,reach,7,8,3,3,yes
b01,Bengali,11,five,point,1,1,0,0,yes
b01,Bengali,11,five,ho_gv,0,0,0,0,yes
b01,Bengali,11,tp1,reach,0,0,0,0,no
b01,Bengali,11,tp1,point,0,0,0,0,no
b01,Bengali,11,tp1,ho_gv,0,0,0,0,no
b01,Bengali,11,tp2,reach,0,0,0,0,no
b01,Bengali,11,tp2,point,0,0,0,0,no
b01,Bengali,11,tp2,ho_gv,0,0,0,0,no
b01,Bengali,12,five,reach,0,0,0,0,no
b01,Bengali,12,five,point,0,0,0,0,no
b01,Bengali,12,five,ho_gv,0,0,0,0,no
b01,Bengali,12,tp1,reach,0,0,0,0,no
b01,Bengali,12,tp1,point,0,0,0,0,no
b01,Bengali,12,tp1,ho_gv,1,1,0,0,no
b01,Bengali,12,tp2,reach,0,0,0,0,no
b01,Bengali,12,tp2,point,0,0,0,0,no
b01,Bengali,12,tp2,ho_gv,2,2,0,0,no
b02,Bengali,10,five,reach,2,2,0,0,no
b02,Bengali,10,five,point,1,1,0,0,no
b02,Bengali,10,five,ho_gv,0,0,0,0,no
b02,Bengali,10,tp1,reach,0,0,0,0,no
b02,Bengali,10,tp1,point,0,0,0,0,no
b02,Bengali,10,tp1,ho_gv,0,0,0,0,no
b02,Bengali,10,tp2,reach,0,0,0,0,no
b02,Bengali,10,tp2,point,0,0,0,0,no
b02,Bengali,10,tp2,ho_gv,1,1,0,0,no
b02,Bengali,11,five,reach,2,2,1,1,no
b02,Bengali,11,five,point,2,2,0,0,no
b02,Bengali,11,five,ho_gv,0,0,0,0,no
b02,Bengali,11,tp1,reach,0,0,0,0,no
b02,Bengali,11,tp1,point,0,0,0,0,no
b02,Bengali,11,tp1,ho_gv,4,4,0,0,no
b02,Bengali,11,tp2,reach,0,0,0,0,no
b02,Bengali,11,tp2,point,0,0,0,0,no
b02,Bengali,11,tp2,ho_gv,10,10,0,0,no
b02,Bengali,12,five,reach,3,3,0,0,no
b02,Bengali,12,five,point,0,0,0,0,no
b02,Bengali,12,five,ho_gv,0,0,0,0,no
b02,Bengali,12,tp1,reach,0,0,0,0,no
b02,Bengali,12,tp1,point,0,0,0,0,no
b02,Bengali,12,tp1,ho_gv,6,6,0,0,no
b02,Bengali,12,tp2,reach,0,0,0,0,no
b02,Bengali,12,tp2,point,0,0,0,0,no
b02,Bengali,12,tp2,ho_gv,5,5,0,0,no
b03,Bengali,10,five,reach,4,4,0,0,no
b03,Bengali,10,five,point,0,0,0,0,no
b03,Bengali,10,five,ho_gv,0,0,0,0,no
b03,Bengali,10,tp1,reach,0,0,0,0,no
b03,Bengali,10,tp1,point,0,0,0,0,no
b03,Bengali,10,tp1,ho_gv,8,8,0,0,no
b03,Bengali,10,tp2,reach,0,0,0,0,no
b03,Bengali,10,tp2,point,0,0,0,0,no
b03,Bengali,10,tp2,ho_gv,0,0,0,0,no
b03,Bengali,11,five,reach,6,6,0,0,no
b03,Bengali,11,five,point,1,1,0,0,no
b03,Bengali,11,five,ho_gv,0,0,0,0,no
b03,Bengali,11,tp1,reach,0,0,0,0,no
b03,Bengali,11,tp1,point,0,0,0,0,no
b03,Bengali,11,tp1,ho_gv,5,5,0,0,no
b03,Bengali,11,tp2,reach,0,0,0,0,no
b03,Bengali,11,tp2,point,0,0,0,0,no
b03,Bengali,11,tp2,ho_gv,3,3,0,0,no
b03,Bengali,12,five,reach,4,6,0,0,yes
b03,Bengali,12,five,point,0,0,0,0,yes
b03,Bengali,12,five,ho_gv,0,0,0,0,yes
b03,Bengali,12,tp1,reach,0,0,0,0,no
b03,Bengali,12,tp1,point,0,0,0,0,no
b03,Bengali,12,tp1,ho_gv,4,4,0,0,no
b03,Bengali,12,tp2,reach,0,0,0,0,no
b03,Bengali,12,tp2,point,0,0,0,0,no
b03,Bengali,12,tp2,ho_gv,6,6,0,0,no
b04,Bengali,10,five,reach,0,0,0,0,no
b04,Bengali,10,five,point,0,0,0,0,no
b04,Bengali,10,five,ho_gv,0,0,0,0,no
b04,Bengali,10,tp1,reach,0,0,0,0,no
b04,Bengali,10,tp1,point,0,0,0,0,no
b04,Bengali,10,tp1,ho_gv,3,3,1,1,no
b04,Bengali,10,tp2,reach,0,0,0,0,no
b04,Bengali,10,tp2,point,0,0,0,0,no
b04,Bengali,10,tp2,ho_gv,4,4,0,0,no
b04,Bengali,11,five,reach,9,9,3,3,no
b04,Bengali,11,five,point,0,0,0,0,no
b04,Bengali,11,five,ho_gv,0,0,0,0,no
b04,Bengali,11,tp1,reach,0,0,0,0,no
b04,Bengali,11,tp1,point,0,0,0,0,no
b04,Bengali,11,tp1,ho_gv,9,9,2,2,no
b04,Bengali,11,tp2,reach,0,0,0,0,yes
b04,Bengali,11,tp2,point,0,0,0,0,yes
b04,Bengali,11,tp2,ho_gv,3,3,3,3,yes
b04,Bengali,12,five,reach,5,5,1,1,no
b04,Bengali,12,five,point,3,3,2,2,no
b04,Bengali,12,five,ho_gv,0,0,0,0,no
b04,Bengali,12,tp1,reach,0,0,0,0,no
b04,Bengali,12,tp1,point,1,1,1,1,no
b04,Bengali,12,tp1,ho_gv,9,9,3,3,no
b04,Bengali,12,tp2,reach,0,0,0,0,no
b04,Bengali,12,tp2,point,1,1,0,0,no
b04,Bengali,12,tp2,ho_gv,3,3,0,0,no
b05,Bengali,10,five,reach,4,4,0,0,no
b05,Bengali,10,five,point,0,0,0,0,no
b05,Bengali,10,five,ho_gv,0,0,0,0,no
b05,Bengali,10,tp1,reach,0,0,0,0,no
b05,Bengali,10,tp1,point,0,0,0,0,no
b05,Bengali,10,tp1,ho_gv,0,0,0,0,no
b05,Bengali,10,tp2,reach,0,0,0,0,no
b05,Bengali,10,tp2,point,0,0,0,0,no
b05,Bengali,10,tp2,ho_gv,0,0,0,0,no
b05,Bengali,11,five,reach,3,3,0,0,no
b05,Bengali,11,five,point,3,3,0,0,no
b05,Bengali,11,five,ho_gv,0,0,0,0,no
b05,Bengali,11,tp1,reach,0,0,0,0,no
b05,Bengali,11,tp1,point,0,0,0,0,no
b05,Bengali,11,tp1,ho_gv,1,1,0,0,no
b05,Bengali,11,tp2,reach,0,0,0,0,no
b05,Bengali,11,tp2,point,0,0,0,0,no
b05,Bengali,11,tp2,ho_gv,6,6,3,3,no
b05,Bengali,12,five,reach,1,1,0,0,no
b05,Bengali,12,five,point,5,5,3,3,no
b05,Bengali,12,five,ho_gv,0,0,0,0,no
b05,Bengali,12,tp1,reach,1,1,0,0,no
b05,Bengali,12,tp1,point,0,0,0,0,no
b05,Bengali,12,tp1,ho_gv,1,1,0,0,no
b05,Bengali,12,tp2,reach,0,0,0,0,no
b05,Bengali,12,tp2,point,0,0,0,0,no
b05,Bengali,12,tp2,ho_gv,8,8,1,1,no
b06,Bengali,10,five,reach,1,1,0,0,no
b06,Bengali,10,five,point,0,0,0,0,no
b06,Bengali,10,five,ho_gv,0,0,0,0,no
b06,Bengali,10,tp1,reach,0,0,0,0,no
b06,Bengali,10,tp1,point,0,0,0,0,no
b06,Bengali,10,tp1,ho_gv,4,4,1,1,no
b06,Bengali,10,tp2,reach,0,0,0,0,no
b06,Bengali,10,tp2,point,0,0,0,0,no
b06,Bengali,10,tp2,ho_gv,3,3,1,1,no
b06,Bengali,11,five,reach,2,2,0,0,no
b06,Bengali,11,five,point,0,0,0,0,no
b06,Bengali,11,five,ho_gv,0,0,0,0,no
b06,Bengali,11,tp1,reach,0,0,0,0,no
b06,Bengali,11,tp1,point,0,0,0,0,no
b06,Bengali,11,tp1,ho_gv,4,4,1,1,no
b06,Bengali,11,tp2,reach,0,0,0,0,no
b06,Bengali,11,tp2,point,0,0,0,0,no
b06,Bengali,11,tp2,ho_gv,0,0,0,0,no
b06,Bengali,12,five,reach,0,0,0,0,no
b06,Bengali,12,five,point,0,0,0,0,no
b06,Bengali,12,five,ho_gv,0,0,0,0,no
b06,Bengali,12,tp1,reach,0,0,0,0,no
b06,Bengali,12,tp1,point,0,0,0,0,no
b06,Bengali,12,tp1,ho_gv,10,10,0,0,no
b06,Bengali,12,tp2,reach,0,0,0,0,no
b06,Bengali,12,tp2,point,0,0,0,0,no
b06,Bengali,12,tp2,ho_gv,0,0,0,0,no
b07,Bengali,10,five,reach,2,2,1,1,no
b07,Bengali,10,five,point,0,0,0,0,no
b07,Bengali,10,five,ho_gv,0,0,0,0,no
b07,Bengali,10,tp1,reach,0,0,0,0,no
b07,Bengali,10,tp1,point,0,0,0,0,no
b07,Bengali,10,tp1,ho_gv,0,0,0,0,no
b07,Bengali,10,tp2,reach,0,0,0,0,no
b07,Bengali,10,tp2,point,0,0,0,0,no
b07,Bengali,10,tp2,ho_gv,0,0,0,0,no
b07,Bengali,11,five,reach,3,3,1,1,no
b07,Bengali,11,five,point,2,2,0,0,no
b07,Bengali,11,five,ho_gv,0,0,0,0,no
b07,Bengali,11,tp1,reach,0,0,0,0,no
b07,Bengali,11,tp1,point,0,0,0,0,no
b07,Bengali,11,tp1,ho_gv,1,1,0,0,no
b07,Bengali,11,tp2,reach,0,0,0,0,no
b07,Bengali,11,tp2,point,0,0,0,0,no
b07,Bengali,11,tp2,ho_gv,0,0,0,0,no
b07,Bengali,12,five,reach,2,2,0,0,no
b07,Bengali,12,five,point,5,5,3,3,no
b07,Bengali,12,five,ho_gv,0,0,0,0,no
b07,Bengali,12,tp1,reach,0,0,0,0,no
b07,Bengali,12,tp1,point,0,0,0,0,no
b07,Bengali,12,tp1,ho_gv,0,0,0,0,no
b07,Bengali,12,tp2,reach,0,0,0,0,no
b07,Bengali,12,tp2,point,0,0,0,0,no
b07,Bengali,12,tp2,ho_gv,1,1,0,0,no
b08,Bengali,10,five,reach,3,4,0,0,yes
b08,Bengali,10,five,point,0,0,0,0,yes
b08,Bengali,10,five,ho_gv,0,0,0,0,yes
b08,Bengali,10,tp1,reach,0,0,0,0,no
b08,Bengali,10,tp1,point,0,0,0,0,no
b08,Bengali,10,tp1,ho_gv,0,0,0,0,no
b08,Bengali,10,tp2,reach,0,0,0,0,no
b08,Bengali,10,tp2,point,0,0,0,0,no
b08,Bengali,10,tp2,ho_gv,3,3,0,0,no
b08,Bengali,11,five,reach,6,6,1,1,no
b08,Bengali,11,five,point,0,0,0,0,no
b08,Bengali,11,five,ho_gv,0,0,0,0,no
b08,Bengali,11,tp1,reach,0,0,0,0,no
b08,Bengali,11,tp1,point,0,0,0,0,no
b08,Bengali,11,tp1,ho_gv,8,8,5,5,no
b08,Bengali,11,tp2,reach,0,0,0,0,no
b08,Bengali,11,tp2,point,0,0,0,0,no
b08,Bengali,11,tp2,ho_gv,5,5,2,2,no
b08,Bengali,12,five,reach,10,10,1,1,no
b08,Bengali,12,five,point,0,0,0,0,no
b08,Bengali,12,five,ho_gv,0,0,0,0,no
b08,Bengali,12,tp1,reach,0,0,0,0,no
b08,Bengali,12,tp1,point,0,0,0,0,no
b08,Bengali,12,tp1,ho_gv,1,1,0,0,no
b08,Bengali,12,tp2,reach,0,0,0,0,no
b08,Bengali,12,tp2,point,0,0,0,0,no
b08,Bengali,12,tp2,ho_gv,0,0,0,0,no
b09,Bengali,10,five,reach,5,5,0,0,no
b09,Bengali,10,five,point,0,0,0,0,no
b09,Bengali,10,five,ho_gv,0,0,0,0,no
b09,Bengali,10,tp1,reach,0,0,0,0,no
b09,Bengali,10,tp1,point,0,0,0,0,no
b09,Bengali,10,tp1,ho_gv,3,3,2,2,no
b09,Bengali,10,tp2,reach,0,0,0,0,no
b09,Bengali,10,tp2,point,0,0,0,0,no
b09,Bengali,10,tp2,ho_gv,0,0,0,0,no
b09,Bengali,11,five,reach,2,2,0,0,no
b09,Bengali,11,five,point,2,2,0,0,no
b09,Bengali,11,five,ho_gv,0,0,0,0,no
b09,Bengali,11,tp1,reach,0,0,0,0,no
b09,Bengali,11,tp1,point,0,0,0,0,no
b09,Bengali,11,tp1,ho_gv,2,2,0,0,no
b09,Bengali,11,tp2,reach,0,0,0,0,no
b09,Bengali,11,tp2,point,0,0,0,0,no
b09,Bengali,11,tp2,ho_gv,0,0,0,0,no
b09,Bengali,12,five,reach,3,3,0,0,no
b09,Bengali,12,five,point,4,4,0,0,no
b09,Bengali,12,five,ho_gv,0,0,0,0,no
b09,Bengali,12,tp1,reach,0,0,0,0,no
b09,Bengali,12,tp1,point,0,0,0,0,no
b09,Bengali,12,tp1,ho_gv,3,3,0,0,no
b09,Bengali,12,tp2,reach,0,0,0,0,no
b09,Bengali,12,tp2,point,0,0,0,0,no
b09,Bengali,12,tp2,ho_gv,2,2,0,0,no
b10,Bengali,10,five,reach,2,2,0,0,no
b10,Bengali,10,five,point,0,0,0,0,no
b10,Bengali,10,five,ho_gv,0,0,0,0,no
b10,Bengali,10,tp1,reach,0,0,0,0,no
b10,Bengali,10,tp1,point,0,0,0,0,no
b10,Bengali,10,tp1,ho_gv,0,0,0,0,no
b10,Bengali,10,tp2,reach,0,0,0,0,no
b10,Bengali,10,tp2,point,0,0,0,0,no
b10,Bengali,10,tp2,ho_gv,0,0,0,0,no
b10,Bengali,11,five,reach,0,0,0,0,no
b10,Bengali,11,five,point,0,0,0,0,no
b10,Bengali,11,five,ho_gv,0,0,0,0,no
b10,Bengali,11,tp1,reach,0,0,0,0,no
b10,Bengali,11,tp1,point,0,0,0,0,no
b10,Bengali,11,tp1,ho_gv,1,1,0,0,no
b10,Bengali,11,tp2,reach,0,0,0,0,no
b10,Bengali,11,tp2,point,0,0,0,0,no
b10,Bengali,11,tp2,ho_gv,0,0,0,0,no
b10,Bengali,12,five,reach,2,2,0,0,no
b10,Bengali,12,five,point,0,0,0,0,no
b10,Bengali,12,five,ho_gv,0,0,0,0,no
b10,Bengali,12,tp1,reach,0,0,0,0,no
b10,Bengali,12,tp1,point,0,0,0,0,no
b10,Bengali,12,tp1,ho_gv,3,3,0,0,no
b10,Bengali,12,tp2,reach,0,0,0,0,no
b10,Bengali,12,tp2,point,0,0,0,0,no
b10,Bengali,12,tp2,ho_gv,5,5,0,0,no
b11,Bengali,10,five,reach,6,6,2,2,no
b11,Bengali,10,five,point,0,0,0,0,no
b11,Bengali,10,five,ho_gv,0,0,0,0,no
b11,Bengali,10,tp1,reach,2,2,0,0,no
b11,Bengali,10,tp1,point,0,0,0,0,no
b11,Bengali,10,tp1,ho_gv,0,0,0,0,no
b11,Bengali,10,tp2,reach,0,0,0,0,no
b11,Bengali,10,tp2,point,0,0,0,0,no
b11,Bengali,10,tp2,ho_gv,0,0,0,0,no
b11,Bengali,11,five,reach,2,2,0,0,no
b11,Bengali,11,five,point,9,9,3,3,no
b11,Bengali,11,five,ho_gv,0,0,0,0,no
b11,Bengali,11,tp1,reach,0,0,0,0,no
b11,Bengali,11,tp1,point,0,0,0,0,no
b11,Bengali,11,tp1,ho_gv,4,4,0,0,no
b11,Bengali,11,tp2,reach,0,0,0,0,no
b11,Bengali,11,tp2,point,0,0,0,0,no
b11,Bengali,11,tp2,ho_gv,4,4,0,0,no
b11,Bengali,12,five,reach,11,11,1,1,no
b11,Bengali,12,five,point,2,2,1,1,no
b11,Bengali,12,five,ho_gv,0,0,0,0,no
b11,Bengali,12,tp1,reach,0,0,0,0,no
b11,Bengali,12,tp1,point,0,0,0,0,no
b11,Bengali,12,tp1,ho_gv,9,9,1,1,no
b11,Bengali,12,tp2,reach,0,0,0,0,no
b11,Bengali,12,tp2,point,0,0,0,0,no
b11,Bengali,12,tp2,ho_gv,15,15,2,2,no
b12,Bengali,10,five,reach,2,2,0,0,no
b12,Bengali,10,five,point,0,0,0,0,no
b12,Bengali,10,five,ho_gv,0,0,0,0,no
b12,Bengali,10,tp1,reach,0,0,0,0,no
b12,Bengali,10,tp1,point,0,0,0,0,no
b12,Bengali,10,tp1,ho_gv,0,0,0,0,no
b12,Bengali,10,tp2,reach,0,0,0,0,no
b12,Bengali,10,tp2,point,0,0,0,0,no
b12,Bengali,10,tp2,ho_gv,0,0,0,0,no
b12,Bengali,11,five,reach,4,4,1,1,no
b12,Bengali,11,five,point,12,12,2,2,no
b12,Bengali,11,five,ho_gv,0,0,0,0,no
b12,Bengali,11,tp1,reach,0,0,0,0,no
b12,Bengali,11,tp1,point,6,6,1,1,no
b12,Bengali,11,tp1,ho_gv,16,16,0,0,no
b12,Bengali,11,tp2,reach,0,0,0,0,no
b12,Bengali,11,tp2,point,0,0,0,0,no
b12,Bengali,11,tp2,ho_gv,17,17,1,1,no
b12,Bengali,12,five,reach,2,2,,,no
b12,Bengali,12,five,point,8,8,,,no
b12,Bengali,12,five,ho_gv,0,0,,,no
b12,Bengali,12,tp1,reach,1,1,0,0,no
b12,Bengali,12,tp1,point,3,3,0,0,no
b12,Bengali,12,tp1,ho_gv,6,6,0,0,no
b12,Bengali,12,tp2,reach,0,0,0,0,yes
b12,Bengali,12,tp2,point,0,0,0,0,yes
b12,Bengali,12,tp2,ho_gv,3,4,0,0,yes
b13,Bengali,10,five,reach,9,10,0,0,yes
b13,Bengali,10,five,point,1,2,0,0,yes
b13,Bengali,10,five,ho_gv,0,0,0,0,yes
b13,Bengali,10,tp1,reach,0,0,0,0,no
b13,Bengali,10,tp1,point,0,0,0,0,no
b13,Bengali,10,tp1,ho_gv,1,1,0,0,no
b13,Bengali,10,tp2,reach,0,0,0,0,no
b13,Bengali,10,tp2,point,0,0,0,0,no
b13,Bengali,10,tp2,ho_gv,0,0,0,0,no
b13,Bengali,11,five,reach,10,10,0,0,no
b13,Bengali,11,five,point,0,0,0,0,no
b13,Bengali,11,five,ho_gv,0,0,0,0,no
b13,Bengali,11,tp1,reach,0,0,0,0,no
b13,Bengali,11,tp1,point,0,0,0,0,no
b13,Bengali,11,tp1,ho_gv,5,5,0,0,no
b13,Bengali,11,tp2,reach,0,0,0,0,no
b13,Bengali,11,tp2,point,0,0,0,0,no
b13,Bengali,11,tp2,ho_gv,0,0,0,0,no
b13,Bengali,12,five,reach,3,3,0,0,no
b13,Bengali,12,five,point,1,1,0,0,no
b13,Bengali,12,five,ho_gv,0,0,0,0,no
b13,Bengali,12,tp1,reach,0,0,0,0,no
b13,Bengali,12,tp1,point,3,3,0,0,no
b13,Bengali,12,tp1,ho_gv,11,11,0,0,no
b13,Bengali,12,tp2,reach,0,0,0,0,no
b13,Bengali,12,tp2,point,0,0,0,0,no
b13,Bengali,12,tp2,ho_gv,10,10,0,0,no
b14,Bengali,10,five,reach,1,1,0,0,no
b14,Bengali,10,five,point,0,0,0,0,no
b14,Bengali,10,five,ho_gv,0,0,0,0,no
b14,Bengali,10,tp1,reach,0,0,0,0,no
b14,Bengali,10,tp1,point,0,0,0,0,no
b14,Bengali,10,tp1,ho_gv,0,0,0,0,no
b14,Bengali,10,tp2,reach,0,0,0,0,no
b14,Bengali,10,tp2,point,0,0,0,0,no
b14,Bengali,10,tp2,ho_gv,0,0,0,0,no
b14,Bengali,11,five,reach,7,7,0,0,no
b14,Bengali,11,five,point,19,19,3,3,no
b14,Bengali,11,five,ho_gv,0,0,0,0,no
b14,Bengali,11,tp1,reach,0,0,0,0,no
b14,Bengali,11,tp1,point,0,0,0,0,no
b14,Bengali,11,tp1,ho_gv,0,0,0,0,no
b14,Bengali,11,tp2,reach,0,0,0,0,no
b14,Bengali,11,tp2,point,0,0,0,0,no
b14,Bengali,11,tp2,ho_gv,3,3,0,0,no
b14,Bengali,12,five,reach,4,4,0,0,no
b14,Bengali,12,five,point,3,3,0,0,no
b14,Bengali,12,five,ho_gv,0,0,0,0,no
b14,Bengali,12,tp1,reach,0,0,0,0,no
b14,Bengali,12,tp1,point,0,0,0,0,no
b14,Bengali,12,tp1,ho_gv,12,12,0,0,no
b14,Bengali,12,tp2,reach,0,0,0,0,no
b14,Bengali,12,tp2,point,0,0,0,0,no
b14,Bengali,12,tp2,ho_gv,12,12,0,0,no
b15,Bengali,10,five,reach,0,0,0,0,no
b15,Bengali,10,five,point,0,0,0,0,no
b15,Bengali,10,five,ho_gv,0,0,0,0,no
b15,Bengali,10,tp1,reach,1,1,0,0,no
b15,Bengali,10,tp1,point,0,0,0,0,no
b15,Bengali,10,tp1,ho_gv,3,3,0,0,no
b15,Bengali,10,tp2,reach,0,0,0,0,no
b15,Bengali,10,tp2,point,0,0,0,0,no
b15,Bengali,10,tp2,ho_gv,2,2,0,0,no
b15,Bengali,11,five,reach,0,0,0,0,no
b15,Bengali,11,five,point,1,1,0,0,no
b15,Bengali,11,five,ho_gv,0,0,0,0,no
b15,Bengali,11,tp1,reach,0,0,0,0,no
b15,Bengali,11,tp1,point,0,0,0,0,no
b15,Bengali,11,tp1,ho_gv,11,11,0,0,no
b15,Bengali,11,tp2,reach,0,0,0,0,no
b15,Bengali,11,tp2,point,0,0,0,0,no
b15,Bengali,11,tp2,ho_gv,3,3,0,0,no
b15,Bengali,12,five,reach,3,3,0,0,no
b15,Bengali,12,five,point,1,1,0,0,no
b15,Bengali,12,five,ho_gv,0,0,0,0,no
b15,Bengali,12,tp1,reach,0,0,0,0,no
b15,Bengali,12,tp1,point,0,0,0,0,no
b15,Bengali,12,tp1,ho_gv,22,22,0,0,no
b15,Bengali,12,tp2,reach,0,0,0,0,no
b15,Bengali,12,tp2,point,0,0,0,0,no
b15,Bengali,12,tp2,ho_gv,5,5,0,0,no
b16,Bengali,10,five,reach,4,4,0,0,no
b16,Bengali,10,five,point,15,15,0,0,no
b16,Bengali,10,five,ho_gv,0,0,0,0,no
b16,Bengali,10,tp1,reach,0,0,0,0,no
b16,Bengali,10,tp1,point,0,0,0,0,no
b16,Bengali,10,tp1,ho_gv,1,1,0,0,no
b16,Bengali,10,tp2,reach,0,0,0,0,no
b16,Bengali,10,tp2,point,0,0,0,0,no
b16,Bengali,10,tp2,ho_gv,2,2,0,0,no
b16,Bengali,11,five,reach,16,16,1,1,no
b16,Bengali,11,five,point,5,5,0,0,no
b16,Bengali,11,five,ho_gv,0,0,0,0,no
b16,Bengali,11,tp1,reach,0,0,0,0,no
b16,Bengali,11,tp1,point,0,0,0,0,no
b16,Bengali,11,tp1,ho_gv,4,4,0,0,no
b16,Bengali,11,tp2,reach,0,0,0,0,no
b16,Bengali,11,tp2,point,0,0,0,0,no
b16,Bengali,11,tp2,ho_gv,1,1,0,0,no
b16,Bengali,12,five,reach,1,1,0,0,no
b16,Bengali,12,five,point,9,9,0,0,no
b16,Bengali,12,five,ho_gv,0,0,0,0,no
b16,Bengali,12,tp1,reach,0,0,0,0,no
b16,Bengali,12,tp1,point,0,0,0,0,no
b16,Bengali,12,tp1,ho_gv,3,3,0,0,no
b16,Bengali,12,tp2,reach,0,0,0,0,no
b16,Bengali,12,tp2,point,0,0,0,0,no
b16,Bengali,12,tp2,ho_gv,2,2,0,0,no
b17,Bengali,10,five,reach,0,0,0,0,no
b17,Bengali,10,five,point,0,0,0,0,no
b17,Bengali,10,five,ho_gv,0,0,0,0,no
b17,Bengali,10,tp1,reach,0,0,0,0,no
b17,Bengali,10,tp1,point,0,0,0,0,no
b17,Bengali,10,tp1,ho_gv,1,1,0,0,no
b17,Bengali,10,tp2,reach,0,0,0,0,no
b17,Bengali,10,tp2,point,0,0,0,0,no
b17,Bengali,10,tp2,ho_gv,1,1,0,0,no
b17,Bengali,11,five,reach,,,0,0,no
b17,Bengali,11,five,point,,,0,0,no
b17,Bengali,11,five,ho_gv,,,0,0,no
b17,Bengali,11,tp1,reach,0,0,0,0,no
b17,Bengali,11,tp1,point,0,0,0,0,no
b17,Bengali,11,tp1,ho_gv,0,0,0,0,no
b17,Bengali,11,tp2,reach,,,0,0,no
b17,Bengali,11,tp2,point,,,0,0,no
b17,Bengali,11,tp2,ho_gv,,,0,0,no
b17,Bengali,12,five,reach,3,3,0,0,no
b17,Bengali,12,five,point,0,0,0,0,no
b17,Bengali,12,five,ho_gv,0,0,0,0,no
b17,Bengali,12,tp1,reach,0,0,0,0,no
b17,Bengali,12,tp1,point,0,0,0,0,no
b17,Bengali,12,tp1,ho_gv,0,0,0,0,no
b17,Bengali,12,tp2,reach,0,0,0,0,no
b17,Bengali,12,tp2,point,0,0,0,0,no
b17,Bengali,12,tp2,ho_gv,0,0,0,0,no
b18,Bengali,10,five,reach,2,2,0,0,no
b18,Bengali,10,five,point,1,1,0,0,no
b18,Bengali,10,five,ho_gv,0,0,0,0,no
b18,Bengali,10,tp1,reach,0,0,0,0,no
b18,Bengali,10,tp1,point,0,0,0,0,no
b18,Bengali,10,tp1,ho_gv,3,3,0,0,no
b18,Bengali,10,tp2,reach,0,0,0,0,no
b18,Bengali,10,tp2,point,0,0,0,0,no
b18,Bengali,10,tp2,ho_gv,3,3,0,0,no
b18,Bengali,11,five,reach,5,5,0,0,yes
b18,Bengali,11,five,point,2,2,0,0,yes
b18,Bengali,11,five,ho_gv,0,0,0,0,yes
b18,Bengali,11,tp1,reach,0,0,0,0,no
b18,Bengali,11,tp1,point,0,0,0,0,no
b18,Bengali,11,tp1,ho_gv,0,0,0,0,no
b18,Bengali,11,tp2,reach,0,0,0,0,no
b18,Bengali,11,tp2,point,0,0,0,0,no
b18,Bengali,11,tp2,ho_gv,4,4,0,0,no
b18,Bengali,12,five,reach,8,8,0,0,no
b18,Bengali,12,five,point,0,0,0,0,no
b18,Bengali,12,five,ho_gv,0,0,0,0,no
b18,Bengali,12,tp1,reach,0,0,0,0,no
b18,Bengali,12,tp1,point,0,0,0,0,no
b18,Bengali,12,tp1,ho_gv,12,12,0,0,no
b18,Bengali,12,tp2,reach,0,0,0,0,no
b18,Bengali,12,tp2,point,0,0,0,0,no
b18,Bengali,12,tp2,ho_gv,13,13,0,0,no
b19,Bengali,10,five,reach,3,3,0,0,no
b19,Bengali,10,five,point,0,0,0,0,no
b19,Bengali,10,five,ho_gv,0,0,0,0,no
b19,Bengali,10,tp1,reach,0,0,0,0,no
b19,Bengali,10,tp1,point,0,0,0,0,no
b19,Bengali,10,tp1,ho_gv,0,0,0,0,no
b19,Bengali,10,tp2,reach,0,0,0,0,no
b19,Bengali,10,tp2,point,0,0,0,0,no
b19,Bengali,10,tp2,ho_gv,0,0,0,0,no
b19,Bengali,11,five,reach,0,0,0,0,no
b19,Bengali,11,five,point,0,0,0,0,no
b19,Bengali,11,five,ho_gv,0,0,0,0,no
b19,Bengali,11,tp1,reach,0,0,0,0,no
b19,Bengali,11,tp1,point,0,0,0,0,no
b19,Bengali,11,tp1,ho_gv,0,0,0,0,no
b19,Bengali,11,tp2,reach,0,0,0,0,no
b19,Bengali,11,tp2,point,0,0,0,0,no
b19,Bengali,11,tp2,ho_gv,0,0,0,0,no
b19,Bengali,12,five,reach,1,1,0,0,no
b19,Bengali,12,five,point,0,0,0,0,no
b19,Bengali,12,five,ho_gv,0,0,0,0,no
b19,Bengali,12,tp1,reach,0,0,0,0,no
b19,Bengali,12,tp1,point,0,0,0,0,no
b19,Bengali,12,tp1,ho_gv,1,1,0,0,no
b19,Bengali,12,tp2,reach,0,0,0,0,no
b19,Bengali,12,tp2,point,0,0,0,0,no
b19,Bengali,12,tp2,ho_gv,2,2,0,0,no
b20,Bengali,10,five,reach,1,1,0,0,no
b20,Bengali,10,five,point,0,0,0,0,no
b20,Bengali,10,five,ho_gv,0,0,0,0,no
b20,Bengali,10,tp1,reach,0,0,0,0,no
b20,Bengali,10,tp1,point,0,0,0,0,no
b20,Bengali,10,tp1,ho_gv,0,0,0,0,no
b20,Bengali,10,tp2,reach,0,0,0,0,no
b20,Bengali,10,tp2,point,0,0,0,0,no
b20,Bengali,10,tp2,ho_gv,7,7,0,0,no
b20,Bengali,11,five,reach,1,1,0,0,no
b20,Bengali,11,five,point,0,0,0,0,no
b20,Bengali,11,five,ho_gv,0,0,0,0,no
b20,Bengali,11,tp1,reach,0,0,0,0,no
b20,Bengali,11,tp1,point,0,0,0,0,no
b20,Bengali,11,tp1,ho_gv,0,0,0,0,no
b20,Bengali,11,tp2,reach,0,0,0,0,no
b20,Bengali,11,tp2,point,0,0,0,0,no
b20,Bengali,11,tp2,ho_gv,2,2,0,0,no
b20,Bengali,12,five,reach,0,0,0,0,no
b20,Bengali,12,five,point,0,0,0,0,no
b20,Bengali,12,five,ho_gv,0,0,0,0,no
b20,Bengali,12,tp1,reach,0,0,0,0,no
b20,Bengali,12,tp1,point,0,0,0,0,no
b20,Bengali,12,tp1,ho_gv,6,6,0,0,no
b20,Bengali,12,tp2,reach,0,0,0,0,no
b20,Bengali,12,tp2,point,0,0,0,0,no
b20,Bengali,12,tp2,ho_gv,0,0,0,0,no
c01,Chinese,10,five,reach,1,5,0,0,yes
c01,Chinese,10,five,point,0,0,0,0,yes
c01,Chinese,10,five,ho_gv,0,0,0,0,yes
c01,Chinese,10,tp1,reach,0,0,0,0,no
c01,Chinese,10,tp1,point,0,0,0,0,no
c01,Chinese,10,tp1,ho_gv,0,0,0,0,no
c01,Chinese,10,tp2,reach,0,0,0,0,no
c01,Chinese,10,tp2,point,0,0,0,0,no
c01,Chinese,10,tp2,ho_gv,0,0,0,0,no
c01,Chinese,11,five,reach,6,6,1,1,no
c01,Chinese,11,five,point,1,1,0,0,no
c01,Chinese,11,five,ho_gv,0,0,0,0,no
c01,Chinese,11,tp1,reach,0,0,0,0,yes
c01,Chinese,11,tp1,point,0,0,0,0,yes
c01,Chinese,11,tp1,ho_gv,6,8,0,0,yes
c01,Chinese,11,tp2,reach,0,0,0,0,no
c01,Chinese,11,tp2,point,0,0,0,0,no
c01,Chinese,11,tp2,ho_gv,1,1,1,1,no
c01,Chinese,12,five,reach,3,3,1,1,no
c01,Chinese,12,five,point,6,6,4,4,no
c01,Chinese,12,five,ho_gv,0,0,0,0,no
c01,Chinese,12,tp1,reach,0,0,0,0,no
c01,Chinese,12,tp1,point,0,0,0,0,no
c01,Chinese,12,tp1,ho_gv,4,4,0,0,no
c01,Chinese,12,tp2,reach,0,0,0,0,no
c01,Chinese,12,tp2,point,0,0,0,0,no
c01,Chinese,12,tp2,ho_gv,3,3,0,0,no
c02,Chinese,10,five,reach,0,0,0,0,no
c02,Chinese,10,five,point,0,0,0,0,no
c02,Chinese,10,five,ho_gv,0,0,0,0,no
c02,Chinese,10,tp1,reach,0,0,0,0,yes
c02,Chinese,10,tp1,point,0,0,0,0,yes
c02,Chinese,10,tp1,ho_gv,7,11,0,0,yes
c02,Chinese,10,tp2,reach,0,0,0,0,no
c02,Chinese,10,tp2,point,0,0,0,0,no
c02,Chinese,10,tp2,ho_gv,1,1,0,0,no
c02,Chinese,11,five,reach,5,5,0,0,no
c02,Chinese,11,five,point,0,0,0,0,no
c02,Chinese,11,five,ho_gv,0,0,0,0,no
c02,Chinese,11,tp1,reach,1,1,0,0,no
c02,Chinese,11,tp1,point,0,0,0,0,no
c02,Chinese,11,tp1,ho_gv,25,25,0,0,no
c02,Chinese,11,tp2,reach,0,0,0,0,no
c02,Chinese,11,tp2,point,0,0,0,0,no
c02,Chinese,11,tp2,ho_gv,14,14,1,1,no
c02,Chinese,12,five,reach,2,2,0,0,no
c02,Chinese,12,five,point,0,0,0,0,no
c02,Chinese,12,five,ho_gv,0,0,0,0,no
c02,Chinese,12,tp1,reach,0,0,0,0,no
c02,Chinese,12,tp1,point,0,0,0,0,no
c02,Chinese,12,tp1,ho_gv,28,28,0,0,no
c02,Chinese,12,tp2,reach,0,0,0,0,no
c02,Chinese,12,tp2,point,0,0,0,0,no
c02,Chinese,12,tp2,ho_gv,21,21,0,0,no
c03,Chinese,10,five,reach,0,0,0,0,yes
c03,Chinese,10,five,point,0,0,0,0,yes
c03,Chinese,10,five,ho_gv,0,0,0,0,yes
c03,Chinese,10,tp1,reach,0,0,0,0,no
c03,Chinese,10,tp1,point,0,0,0,0,no
c03,Chinese,10,tp1,ho_gv,0,0,0,0,no
c03,Chinese,10,tp2,reach,0,0,0,0,no
c03,Chinese,10,tp2,point,0,0,0,0,no
c03,Chinese,10,tp2,ho_gv,0,0,0,0,no
c03,Chinese,11,five,reach,0,0,0,0,no
c03,Chinese,11,five,point,0,0,0,0,no
c03,Chinese,11,five,ho_gv,0,0,0,0,no
c03,Chinese,11,tp1,reach,0,0,0,0,no
c03,Chinese,11,tp1,point,0,0,0,0,no
c03,Chinese,11,tp1,ho_gv,4,4,0,0,no
c03,Chinese,11,tp2,reach,0,0,0,0,no
c03,Chinese,11,tp2,point,0,0,0,0,no
c03,Chinese,11,tp2,ho_gv,0,0,0,0,no
c03,Chinese,12,five,reach,0,0,0,0,no
c03,Chinese,12,five,point,6,6,0,0,no
c03,Chinese,12,five,ho_gv,0,0,0,0,no
c03,Chinese,12,tp1,reach,0,0,0,0,no
c03,Chinese,12,tp1,point,0,0,0,0,no
c03,Chinese,12,tp1,ho_gv,4,4,0,0,no
c03,Chinese,12,tp2,reach,0,0,0,0,no
c03,Chinese,12,tp2,point,0,0,0,0,no
c03,Chinese,12,tp2,ho_gv,2,2,0,0,no
c04,Chinese,10,five,reach,3,3,0,0,no
c04,Chinese,10,five,point,5,5,1,1,no
c04,Chinese,10,five,ho_gv,0,0,0,0,no
c04,Chinese,10,tp1,reach,0,0,0,0,no
c04,Chinese,10,tp1,point,0,0,0,0,no
c04,Chinese,10,tp1,ho_gv,1,1,0,0,no
c04,Chinese,10,tp2,reach,0,0,0,0,no
c04,Chinese,10,tp2,point,0,0,0,0,no
c04,Chinese,10,tp2,ho_gv,0,0,0,0,no
c04,Chinese,11,five,reach,4,4,1,1,no
c04,Chinese,11,five,point,4,4,2,2,no
c04,Chinese,11,five,ho_gv,0,0,0,0,no
c04,Chinese,11,tp1,reach,0,0,0,0,no
c04,Chinese,11,tp1,point,0,0,0,0,no
c04,Chinese,11,tp1,ho_gv,5,5,0,0,no
c04,Chinese,11,tp2,reach,1,1,0,0,no
c04,Chinese,11,tp2,point,1,1,1,1,no
c04,Chinese,11,tp2,ho_gv,1,1,0,0,no
c04,Chinese,12,five,reach,1,1,1,1,no
c04,Chinese,12,five,point,11,11,4,4,no
c04,Chinese,12,five,ho_gv,0,0,0,0,no
c04,Chinese,12,tp1,reach,1,1,0,0,no
c04,Chinese,12,tp1,point,2,2,0,0,no
c04,Chinese,12,tp1,ho_gv,28,28,0,0,no
c04,Chinese,12,tp2,reach,0,0,0,0,no
c04,Chinese,12,tp2,point,0,0,0,0,no
c04,Chinese,12,tp2,ho_gv,1,1,0,0,no
c05,Chinese,10,five,reach,6,6,3,3,no
c05,Chinese,10,five,point,0,0,0,0,no
c05,Chinese,10,five,ho_gv,0,0,0,0,no
c05,Chinese,10,tp1,reach,0,0,0,0,no
c05,Chinese,10,tp1,point,0,0,0,0,no
c05,Chinese,10,tp1,ho_gv,0,0,0,0,no
c05,Chinese,10,tp2,reach,0,0,0,0,no
c05,Chinese,10,tp2,point,0,0,0,0,no
c05,Chinese,10,tp2,ho_gv,6,6,1,1,no
c05,Chinese,11,five,reach,10,10,6,6,no
c05,Chinese,11,five,point,0,0,0,0,no
c05,Chinese,11,five,ho_gv,0,0,0,0,no
c05,Chinese,11,tp1,reach,0,0,0,0,no
c05,Chinese,11,tp1,point,0,0,0,0,no
c05,Chinese,11,tp1,ho_gv,7,7,0,0,no
c05,Chinese,11,tp2,reach,0,0,0,0,no
c05,Chinese,11,tp2,point,0,0,0,0,no
c05,Chinese,11,tp2,ho_gv,1,1,0,0,no
c05,Chinese,12,five,reach,3,3,2,2,no
c05,Chinese,12,five,point,0,0,0,0,no
c05,Chinese,12,five,ho_gv,0,0,0,0,no
c05,Chinese,12,tp1,reach,0,0,0,0,no
c05,Chinese,12,tp1,point,0,0,0,0,no
c05,Chinese,12,tp1,ho_gv,0,0,0,0,no
c05,Chinese,12,tp2,reach,0,0,0,0,no
c05,Chinese,12,tp2,point,0,0,0,0,no
c05,Chinese,12,tp2,ho_gv,0,0,0,0,no
c06,Chinese,10,five,reach,0,0,0,0,no
c06,Chinese,10,five,point,4,4,2,2,no
c06,Chinese,10,five,ho_gv,0,0,0,0,no
c06,Chinese,10,tp1,reach,0,0,0,0,no
c06,Chinese,10,tp1,point,2,2,0,0,no
c06,Chinese,10,tp1,ho_gv,1,1,0,0,no
c06,Chinese,10,tp2,reach,0,0,0,0,no
c06,Chinese,10,tp2,point,0,0,0,0,no
c06,Chinese,10,tp2,ho_gv,2,2,0,0,no
c06,Chinese,11,five,reach,0,0,0,0,yes
c06,Chinese,11,five,point,4,5,1,1,yes
c06,Chinese,11,five,ho_gv,1,1,0,0,yes
c06,Chinese,11,tp1,reach,0,0,0,0,no
c06,Chinese,11,tp1,point,0,0,0,0,no
c06,Chinese,11,tp1,ho_gv,2,2,0,0,no
c06,Chinese,11,tp2,reach,0,0,0,0,no
c06,Chinese,11,tp2,point,2,2,1,1,no
c06,Chinese,11,tp2,ho_gv,0,0,0,0,no
c06,Chinese,12,five,reach,3,3,3,3,no
c06,Chinese,12,five,point,15,15,12,12,no
c06,Chinese,12,five,ho_gv,0,0,0,0,no
c06,Chinese,12,tp1,reach,0,0,0,0,no
c06,Chinese,12,tp1,point,8,8,1,1,no
c06,Chinese,12,tp1,ho_gv,0,0,0,0,no
c06,Chinese,12,tp2,reach,0,0,0,0,no
c06,Chinese,12,tp2,point,5,5,1,1,no
c06,Chinese,12,tp2,ho_gv,8,8,0,0,no
c07,Chinese,10,five,reach,5,5,2,2,no
c07,Chinese,10,five,point,0,0,0,0,no
c07,Chinese,10,five,ho_gv,0,0,0,0,no
c07,Chinese,10,tp1,reach,0,0,0,0,no
c07,Chinese,10,tp1,point,0,0,0,0,no
c07,Chinese,10,tp1,ho_gv,0,0,0,0,no
c07,Chinese,10,tp2,reach,0,0,0,0,no
c07,Chinese,10,tp2,point,0,0,0,0,no
c07,Chinese,10,tp2,ho_gv,2,2,0,0,no
c07,Chinese,11,five,reach,4,4,0,0,no
c07,Chinese,11,five,point,0,0,0,0,no
c07,Chinese,11,five,ho_gv,0,0,0,0,no
c07,Chinese,11,tp1,reach,0,0,0,0,no
c07,Chinese,11,tp1,point,0,0,0,0,no
c07,Chinese,11,tp1,ho_gv,0,0,0,0,no
c07,Chinese,11,tp2,reach,0,0,0,0,no
c07,Chinese,11,tp2,point,0,0,0,0,no
c07,Chinese,11,tp2,ho_gv,0,0,0,0,no
c07,Chinese,12,five,reach,6,6,1,1,no
c07,Chinese,12,five,point,0,0,0,0,no
c07,Chinese,12,five,ho_gv,0,0,0,0,no
c07,Chinese,12,tp1,reach,0,0,0,0,no
c07,Chinese,12,tp1,point,0,0,0,0,no
c07,Chinese,12,tp1,ho_gv,0,0,0,0,no
c07,Chinese,12,tp2,reach,0,0,0,0,no
c07,Chinese,12,tp2,point,0,0,0,0,no
c07,Chinese,12,tp2,ho_gv,0,0,0,0,no
c08,Chinese,10,five,reach,6,6,2,2,no
c08,Chinese,10,five,point,0,0,0,0,no
c08,Chinese,10,five,ho_gv,0,0,0,0,no
c08,Chinese,10,tp1,reach,0,0,0,0,no
c08,Chinese,10,tp1,point,0,0,0,0,no
c08,Chinese,10,tp1,ho_gv,6,6,2,2,no
c08,Chinese,10,tp2,reach,1,1,0,0,no
c08,Chinese,10,tp2,point,0,0,0,0,no
c08,Chinese,10,tp2,ho_gv,2,2,0,0,no
c08,Chinese,11,five,reach,5,5,2,2,no
c08,Chinese,11,five,point,8,8,7,7,no
c08,Chinese,11,five,ho_gv,0,0,0,0,no
c08,Chinese,11,tp1,reach,0,0,0,0,no
c08,Chinese,11,tp1,point,0,0,0,0,no
c08,Chinese,11,tp1,ho_gv,17,17,0,0,no
c08,Chinese,11,tp2,reach,0,0,0,0,no
c08,Chinese,11,tp2,point,1,1,0,0,no
c08,Chinese,11,tp2,ho_gv,14,14,3,3,no
c08,Chinese,12,five,reach,5,5,2,2,no
c08,Chinese,12,five,point,4,4,2,2,no
c08,Chinese,12,five,ho_gv,0,0,0,0,no
c08,Chinese,12,tp1,reach,0,0,0,0,no
c08,Chinese,12,tp1,point,0,0,0,0,no
c08,Chinese,12,tp1,ho_gv,6,6,0,0,no
c08,Chinese,12,tp2,reach,0,0,0,0,no
c08,Chinese,12,tp2,point,0,0,0,0,no
c08,Chinese,12,tp2,ho_gv,16,16,3,3,no
c09,Chinese,10,five,reach,0,0,0,0,yes
c09,Chinese,10,five,point,0,0,0,0,yes
c09,Chinese,10,five,ho_gv,0,0,0,0,yes
c09,Chinese,10,tp1,reach,0,0,0,0,no
c09,Chinese,10,tp1,point,1,1,1,1,no
c09,Chinese,10,tp1,ho_gv,7,7,0,0,no
c09,Chinese,10,tp2,reach,0,0,0,0,no
c09,Chinese,10,tp2,point,0,0,0,0,no
c09,Chinese,10,tp2,ho_gv,2,2,0,0,no
c09,Chinese,11,five,reach,0,0,0,0,no
c09,Chinese,11,five,point,6,6,2,2,no
c09,Chinese,11,five,ho_gv,0,0,0,0,no
c09,Chinese,11,tp1,reach,0,0,0,0,no
c09,Chinese,11,tp1,point,3,3,0,0,no
c09,Chinese,11,tp1,ho_gv,2,2,1,1,no
c09,Chinese,11,tp2,reach,0,0,0,0,no
c09,Chinese,11,tp2,point,5,5,0,0,no
c09,Chinese,11,tp2,ho_gv,1,1,0,0,no
c09,Chinese,12,five,reach,0,0,0,0,yes
c09,Chinese,12,five,point,15,18,7,8,yes
c09,Chinese,12,five,ho_gv,0,0,0,0,yes
c09,Chinese,12,tp1,reach,0,0,0,0,no
c09,Chinese,12,tp1,point,3,3,1,1,no
c09,Chinese,12,tp1,ho_gv,8,8,2,2,no
c09,Chinese,12,tp2,reach,0,0,0,0,no
c09,Chinese,12,tp2,point,1,1,0,0,no
c09,Chinese,12,tp2,ho_gv,3,3,1,1,no
c10,Chinese,10,five,reach,3,3,0,0,no
c10,Chinese,10,five,point,0,0,0,0,no
c10,Chinese,10,five,ho_gv,0,0,0,0,no
c10,Chinese,10,tp1,reach,0,0,0,0,no
c10,Chinese,10,tp1,point,0,0,0,0,no
c10,Chinese,10,tp1,ho_gv,1,1,0,0,no
c10,Chinese,10,tp2,reach,0,0,0,0,no
c10,Chinese,10,tp2,point,0,0,0,0,no
c10,Chinese,10,tp2,ho_gv,0,0,0,0,no
c10,Chinese,11,five,reach,5,5,0,0,no
c10,Chinese,11,five,point,0,0,0,0,no
c10,Chinese,11,five,ho_gv,0,0,0,0,no
c10,Chinese,11,tp1,reach,0,0,0,0,no
c10,Chinese,11,tp1,point,0,0,0,0,no
c10,Chinese,11,tp1,ho_gv,1,1,0,0,no
c10,Chinese,11,tp2,reach,0,0,0,0,no
c10,Chinese,11,tp2,point,0,0,0,0,no
c10,Chinese,11,tp2,ho_gv,0,0,0,0,no
c10,Chinese,12,five,reach,0,0,0,0,no
c10,Chinese,12,five,point,3,3,0,0,no
c10,Chinese,12,five,ho_gv,0,0,0,0,no
c10,Chinese,12,tp1,reach,0,0,0,0,no
c10,Chinese,12,tp1,point,0,0,0,0,no
c10,Chinese,12,tp1,ho_gv,0,0,0,0,no
c10,Chinese,12,tp2,reach,0,0,0,0,no
c10,Chinese,12,tp2,point,0,0,0,0,no
c10,Chinese,12,tp2,ho_gv,1,1,0,0,no
c11,Chinese,10,five,reach,0,0,0,0,no
c11,Chinese,10,five,point,0,0,0,0,no
c11,Chinese,10,five,ho_gv,0,0,0,0,no
c11,Chinese,10,tp1,reach,0,0,0,0,no
c11,Chinese,10,tp1,point,0,0,0,0,no
c11,Chinese,10,tp1,ho_gv,2,2,0,0,no
c11,Chinese,10,tp2,reach,0,0,0,0,no
c11,Chinese,10,tp2,point,0,0,0,0,no
c11,Chinese,10,tp2,ho_gv,4,4,0,0,no
c11,Chinese,11,five,reach,0,0,0,0,no
c11,Chinese,11,five,point,1,1,0,0,no
c11,Chinese,11,five,ho_gv,0,0,0,0,no
c11,Chinese,11,tp1,reach,0,0,0,0,no
c11,Chinese,11,tp1,point,0,0,0,0,no
c11,Chinese,11,tp1,ho_gv,6,6,2,2,no
c11,Chinese,11,tp2,reach,0,0,0,0,no
c11,Chinese,11,tp2,point,0,0,0,0,no
c11,Chinese,11,tp2,ho_gv,5,5,3,3,no
c11,Chinese,12,five,reach,5,5,1,1,no
c11,Chinese,12,five,point,2,2,2,2,no
c11,Chinese,12,five,ho_gv,0,0,0,0,no
c11,Chinese,12,tp1,reach,0,0,0,0,no
c11,Chinese,12,tp1,point,0,0,0,0,no
c11,Chinese,12,tp1,ho_gv,22,22,6,6,no
c11,Chinese,12,tp2,reach,0,0,0,0,no
c11,Chinese,12,tp2,point,0,0,0,0,no
c11,Chinese,12,tp2,ho_gv,16,16,3,3,no
c12,Chinese,10,five,reach,0,0,0,0,no
c12,Chinese,10,five,point,0,0,0,0,no
c12,Chinese,10,five,ho_gv,0,0,0,0,no
c12,Chinese,10,tp1,reach,0,0,0,0,no
c12,Chinese,10,tp1,point,0,0,0,0,no
c12,Chinese,10,tp1,ho_gv,7,7,0,0,no
c12,Chinese,10,tp2,reach,0,0,0,0,no
c12,Chinese,10,tp2,point,0,0,0,0,no
c12,Chinese,10,tp2,ho_gv,5,5,2,2,no
c12,Chinese,11,five,reach,4,4,0,0,no
c12,Chinese,11,five,point,0,0,0,0,no
c12,Chinese,11,five,ho_gv,0,0,0,0,no
c12,Chinese,11,tp1,reach,0,0,0,0,no
c12,Chinese,11,tp1,point,0,0,0,0,no
c12,Chinese,11,tp1,ho_gv,0,0,0,0,no
c12,Chinese,11,tp2,reach,0,0,0,0,no
c12,Chinese,11,tp2,point,0,0,0,0,no
c12,Chinese,11,tp2,ho_gv,5,5,0,0,no
c12,Chinese,12,five,reach,4,4,1,1,no
c12,Chinese,12,five,point,0,0,0,0,no
c12,Chinese,12,five,ho_gv,0,0,0,0,no
c12,Chinese,12,tp1,reach,0,0,0,0,no
c12,Chinese,12,tp1,point,0,0,0,0,no
c12,Chinese,12,tp1,ho_gv,0,0,0,0,no
c12,Chinese,12,tp2,reach,0,0,0,0,no
c12,Chinese,12,tp2,point,0,0,0,0,no
c12,Chinese,12,tp2,ho_gv,0,0,0,0,no
c13,Chinese,10,five,reach,0,0,0,0,no
c13,Chinese,10,five,point,0,0,0,0,no
c13,Chinese,10,five,ho_gv,0,0,0,0,no
c13,Chinese,10,tp1,reach,0,0,0,0,no
c13,Chinese,10,tp1,point,0,0,0,0,no
c13,Chinese,10,tp1,ho_gv,0,0,0,0,no
c13,Chinese,10,tp2,reach,0,0,0,0,no
c13,Chinese,10,tp2,point,0,0,0,0,no
c13,Chinese,10,tp2,ho_gv,1,1,0,0,no
c13,Chinese,11,five,reach,1,1,0,0,no
c13,Chinese,11,five,point,3,3,0,0,no
c13,Chinese,11,five,ho_gv,0,0,0,0,no
c13,Chinese,11,tp1,reach,0,0,0,0,no
c13,Chinese,11,tp1,point,0,0,0,0,no
c13,Chinese,11,tp1,ho_gv,0,0,0,0,no
c13,Chinese,11,tp2,reach,0,0,0,0,no
c13,Chinese,11,tp2,point,0,0,0,0,no
c13,Chinese,11,tp2,ho_gv,0,0,0,0,no
c13,Chinese,12,five,reach,8,8,4,4,no
c13,Chinese,12,five,point,19,19,6,6,no
c13,Chinese,12,five,ho_gv,0,0,0,0,no
c13,Chinese,12,tp1,reach,0,0,0,0,no
c13,Chinese,12,tp1,point,0,0,0,0,no
c13,Chinese,12,tp1,ho_gv,0,0,0,0,no
c13,Chinese,12,tp2,reach,0,0,0,0,no
c13,Chinese,12,tp2,point,0,0,1,1,no
c13,Chinese,12,tp2,ho_gv,5,5,2,2,no
c14,Chinese,10,five,reach,2,2,0,0,no
c14,Chinese,10,five,point,1,1,0,0,no
c14,Chinese,10,five,ho_gv,0,0,0,0,no
c14,Chinese,10,tp1,reach,0,0,0,0,no
c14,Chinese,10,tp1,point,0,0,0,0,no
c14,Chinese,10,tp1,ho_gv,0,0,0,0,no
c14,Chinese,10,tp2,reach,0,0,0,0,no
c14,Chinese,10,tp2,point,0,0,0,0,no
c14,Chinese,10,tp2,ho_gv,0,0,0,0,no
c14,Chinese,11,five,reach,0,0,0,0,no
c14,Chinese,11,five,point,0,0,0,0,no
c14,Chinese,11,five,ho_gv,0,0,0,0,no
c14,Chinese,11,tp1,reach,0,0,0,0,no
c14,Chinese,11,tp1,point,0,0,0,0,no
c14,Chinese,11,tp1,ho_gv,1,1,0,0,no
c14,Chinese,11,tp2,reach,0,0,0,0,no
c14,Chinese,11,tp2,point,0,0,0,0,no
c14,Chinese,11,tp2,ho_gv,0,0,0,0,no
c14,Chinese,12,five,reach,0,0,0,0,no
c14,Chinese,12,five,point,17,17,1,1,no
c14,Chinese,12,five,ho_gv,0,0,0,0,no
c14,Chinese,12,tp1,reach,3,3,2,2,no
c14,Chinese,12,tp1,point,3,3,2,2,no
c14,Chinese,12,tp1,ho_gv,5,5,0,0,no
c14,Chinese,12,tp2,reach,0,0,0,0,no
c14,Chinese,12,tp2,point,0,0,0,0,no
c14,Chinese,12,tp2,ho_gv,0,0,0,0,no
c15,Chinese,10,five,reach,3,3,0,0,no
c15,Chinese,10,five,point,0,0,0,0,no
c15,Chinese,10,five,ho_gv,0,0,0,0,no
c15,Chinese,10,tp1,reach,0,0,0,0,no
c15,Chinese,10,tp1,point,0,0,0,0,no
c15,Chinese,10,tp1,ho_gv,0,0,0,0,no
c15,Chinese,10,tp2,reach,0,0,0,0,no
c15,Chinese,10,tp2,point,0,0,0,0,no
c15,Chinese,10,tp2,ho_gv,0,0,0,0,no
c15,Chinese,11,five,reach,7,7,2,2,no
c15,Chinese,11,five,point,0,0,0,0,no
c15,Chinese,11,five,ho_gv,0,0,0,0,no
c15,Chinese,11,tp1,reach,0,0,0,0,no
c15,Chinese,11,tp1,point,0,0,0,0,no
c15,Chinese,11,tp1,ho_gv,0,0,0,0,no
c15,Chinese,11,tp2,reach,0,0,0,0,no
c15,Chinese,11,tp2,point,0,0,0,0,no
c15,Chinese,11,tp2,ho_gv,3,3,1,1,no
c15,Chinese,12,five,reach,4,4,1,1,no
c15,Chinese,12,five,point,0,0,0,0,no
c15,Chinese,12,five,ho_gv,0,0,0,0,no
c15,Chinese,12,tp1,reach,0,0,0,0,no
c15,Chinese,12,tp1,point,0,0,0,0,no
c15,Chinese,12,tp1,ho_gv,16,16,0,0,no
c15,Chinese,12,tp2,reach,0,0,0,0,no
c15,Chinese,12,tp2,point,0,0,0,0,no
c15,Chinese,12,tp2,ho_gv,1,1,0,0,no
c16,Chinese,10,five,reach,5,5,1,1,no
c16,Chinese,10,five,point,0,0,0,0,no
c16,Chinese,10,five,ho_gv,0,0,0,0,no
c16,Chinese,10,tp1,reach,0,0,0,0,no
c16,Chinese,10,tp1,point,0,0,0,0,no
c16,Chinese,10,tp1,ho_gv,1,1,0,0,no
c16,Chinese,10,tp2,reach,1,1,,,no
c16,Chinese,10,tp2,point,0,0,,,no
c16,Chinese,10,tp2,ho_gv,0,0,,,no
c16,Chinese,11,five,reach,4,4,1,1,no
c16,Chinese,11,five,point,0,0,0,0,no
c16,Chinese,11,five,ho_gv,0,0,0,0,no
c16,Chinese,11,tp1,reach,0,0,0,0,no
c16,Chinese,11,tp1,point,0,0,0,0,no
c16,Chinese,11,tp1,ho_gv,0,0,0,0,no
c16,Chinese,11,tp2,reach,0,0,0,0,no
c16,Chinese,11,tp2,point,0,0,0,0,no
c16,Chinese,11,tp2,ho_gv,0,0,0,0,no
c16,Chinese,12,five,reach,0,0,0,0,no
c16,Chinese,12,five,point,6,6,2,2,no
c16,Chinese,12,five,ho_gv,0,0,0,0,no
c16,Chinese,12,tp1,reach,0,0,0,0,no
c16,Chinese,12,tp1,point,0,0,0,0,no
c16,Chinese,12,tp1,ho_gv,0,0,0,0,no
c16,Chinese,12,tp2,reach,0,0,0,0,yes
c16,Chinese,12,tp2,point,0,0,0,0,yes
c16,Chinese,12,tp2,ho_gv,1,1,0,0,yes
c17,Chinese,10,five,reach,0,0,0,0,yes
c17,Chinese,10,five,point,0,0,0,0,yes
c17,Chinese,10,five,ho_gv,0,0,0,0,yes
c17,Chinese,10,tp1,reach,0,0,0,0,no
c17,Chinese,10,tp1,point,0,0,0,0,no
c17,Chinese,10,tp1,ho_gv,0,0,0,0,no
c17,Chinese,10,tp2,reach,0,0,0,0,no
c17,Chinese,10,tp2,point,0,0,0,0,no
c17,Chinese,10,tp2,ho_gv,0,0,0,0,no
c17,Chinese,11,five,reach,1,1,0,0,no
c17,Chinese,11,five,point,0,0,0,0,no
c17,Chinese,11,five,ho_gv,0,0,0,0,no
c17,Chinese,11,tp1,reach,0,0,0,0,no
c17,Chinese,11,tp1,point,0,0,0,0,no
c17,Chinese,11,tp1,ho_gv,0,0,0,0,no
c17,Chinese,11,tp2,reach,5,5,4,4,no
c17,Chinese,11,tp2,point,0,0,0,0,no
c17,Chinese,11,tp2,ho_gv,0,0,0,0,no
c17,Chinese,12,five,reach,2,2,0,0,no
c17,Chinese,12,five,point,0,0,0,0,no
c17,Chinese,12,five,ho_gv,0,0,0,0,no
c17,Chinese,12,tp1,reach,0,0,0,0,no
c17,Chinese,12,tp1,point,0,0,0,0,no
c17,Chinese,12,tp1,ho_gv,1,1,1,1,no
c17,Chinese,12,tp2,reach,0,0,0,0,no
c17,Chinese,12,tp2,point,0,0,0,0,no
c17,Chinese,12,tp2,ho_gv,1,1,0,0,no
c18,Chinese,10,five,reach,0,0,0,0,no
c18,Chinese,10,five,point,0,0,0,0,no
c18,Chinese,10,five,ho_gv,0,0,0,0,no
c18,Chinese,10,tp1,reach,0,0,0,0,no
c18,Chinese,10,tp1,point,0,0,0,0,no
c18,Chinese,10,tp1,ho_gv,0,0,0,0,no
c18,Chinese,10,tp2,reach,,,,,no
c18,Chinese,10,tp2,point,,,,,no
c18,Chinese,10,tp2,ho_gv,,,,,no
c18,Chinese,11,five,reach,0,0,0,0,no
c18,Chinese,11,five,point,0,0,0,0,no
c18,Chinese,11,five,ho_gv,0,0,0,0,no
c18,Chinese,11,tp1,reach,0,0,0,0,no
c18,Chinese,11,tp1,point,0,0,0,0,no
c18,Chinese,11,tp1,ho_gv,1,1,0,0,no
c18,Chinese,11,tp2,reach,0,0,0,0,no
c18,Chinese,11,tp2,point,0,0,0,0,no
c18,Chinese,11,tp2,ho_gv,0,0,0,0,no
c18,Chinese,12,five,reach,0,0,0,0,no
c18,Chinese,12,five,point,1,1,0,0,no
c18,Chinese,12,five,ho_gv,0,0,0,0,no
c18,Chinese,12,tp1,reach,0,0,0,0,no
c18,Chinese,12,tp1,point,0,0,0,0,no
c18,Chinese,12,tp1,ho_gv,0,0,0,0,no
c18,Chinese,12,tp2,reach,0,0,0,0,no
c18,Chinese,12,tp2,point,0,0,0,0,no
c18,Chinese,12,tp2,ho_gv,3,3,0,0,no
c19,Chinese,10,five,reach,0,0,0,0,no
c19,Chinese,10,five,point,0,0,0,0,no
c19,Chinese,10,five,ho_gv,0,0,0,0,no
c19,Chinese,10,tp1,reach,0,0,0,0,no
c19,Chinese,10,tp1,point,0,0,0,0,no
c19,Chinese,10,tp1,ho_gv,0,0,0,0,no
c19,Chinese,10,tp2,reach,0,0,0,0,no
c19,Chinese,10,tp2,point,0,0,0,0,no
c19,Chinese,10,tp2,ho_gv,0,0,0,0,no
c19,Chinese,11,five,reach,0,0,0,0,no
c19,Chinese,11,five,point,0,0,0,0,no
c19,Chinese,11,five,ho_gv,0,0,0,0,no
c19,Chinese,11,tp1,reach,0,0,0,0,no
c19,Chinese,11,tp1,point,0,0,0,0,no
c19,Chinese,11,tp1,ho_gv,0,0,0,0,no
c19,Chinese,11,tp2,reach,0,0,0,0,no
c19,Chinese,11,tp2,point,0,0,0,0,no
c19,Chinese,11,tp2,ho_gv,0,0,0,0,no
c19,Chinese,12,five,reach,0,0,0,0,no
c19,Chinese,12,five,point,0,0,0,0,no
c19,Chinese,12,five,ho_gv,0,0,0,0,no
c19,Chinese,12,tp1,reach,0,0,0,0,no
c19,Chinese,12,tp1,point,0,0,0,0,no
c19,Chinese,12,tp1,ho_gv,1,1,0,0,no
c19,Chinese,12,tp2,reach,0,0,0,0,no
c19,Chinese,12,tp2,point,0,0,0,0,no
c19,Chinese,12,tp2,ho_gv,0,0,0,0,no
c20,Chinese,10,five,reach,0,0,0,0,no
c20,Chinese,10,five,point,0,0,0,0,no
c20,Chinese,10,five,ho_gv,0,0,0,0,no
c20,Chinese,10,tp1,reach,0,0,0,0,no
c20,Chinese,10,tp1,point,0,0,0,0,no
c20,Chinese,10,tp1,ho_gv,1,1,0,0,no
c20,Chinese,10,tp2,reach,0,0,0,0,no
c20,Chinese,10,tp2,point,0,0,0,0,no
c20,Chinese,10,tp2,ho_gv,0,0,0,0,no
c20,Chinese,11,five,reach,1,1,0,0,no
c20,Chinese,11,five,point,0,0,0,0,no
c20,Chinese,11,five,ho_gv,0,0,0,0,no
c20,Chinese,11,tp1,reach,0,0,0,0,no
c20,Chinese,11,tp1,point,0,0,0,0,no
c20,Chinese,11,tp1,ho_gv,0,0,0,0,no
c20,Chinese,11,tp2,reach,,,,,no
c20,Chinese,11,tp2,point,,,,,no
c20,Chinese,11,tp2,ho_gv,,,,,no
c20,Chinese,12,five,reach,3,3,0,0,no
c20,Chinese,12,five,point,0,0,0,0,no
c20,Chinese,12,five,ho_gv,0,0,0,0,no
c20,Chinese,12,tp1,reach,0,0,0,0,no
c20,Chinese,12,tp1,point,0,0,0,0,no
c20,Chinese,12,tp1,ho_gv,0,0,0,0,no
c20,Chinese,12,tp2,reach,0,0,0,0,no
c20,Chinese,12,tp2,point,0,0,0,0,no
c20,Chinese,12,tp2,ho_gv,0,0,0,0,no
e01,English,10,five,reach,1,1,0,0,no
e01,English,10,five,point,4,4,0,0,no
e01,English,10,five,ho_gv,0,0,0,0,no
e01,English,10,tp1,reach,0,0,0,0,yes
e01,English,10,tp1,point,0,0,0,0,yes
e01,English,10,tp1,ho_gv,0,0,0,0,yes
e01,English,10,tp2,reach,0,0,0,0,no
e01,English,10,tp2,point,0,0,0,0,no
e01,English,10,tp2,ho_gv,0,0,0,0,no
e01,English,11,five,reach,2,5,0,0,yes
e01,English,11,five,point,0,0,0,0,yes
e01,English,11,five,ho_gv,0,0,0,0,yes
e01,English,11,tp1,reach,0,0,0,0,yes
e01,English,11,tp1,point,0,0,0,0,yes
e01,English,11,tp1,ho_gv,0,0,0,0,yes
e01,English,11,tp2,reach,0,0,0,0,no
e01,English,11,tp2,point,0,0,0,0,no
e01,English,11,tp2,ho_gv,0,0,0,0,no
e01,English,12,five,reach,13,13,0,0,no
e01,English,12,five,point,0,0,0,0,no
e01,English,12,five,ho_gv,0,0,0,0,no
e01,English,12,tp1,reach,0,0,0,0,no
e01,English,12,tp1,point,0,0,0,0,no
e01,English,12,tp1,ho_gv,0,0,0,0,no
e01,English,12,tp2,reach,0,0,0,0,no
e01,English,12,tp2,point,0,0,0,0,no
e01,English,12,tp2,ho_gv,1,1,0,0,no
e02,English,10,five,reach,0,0,0,0,no
e02,English,10,five,point,0,0,0,0,no
e02,English,10,five,ho_gv,0,0,0,0,no
e02,English,10,tp1,reach,0,0,0,0,yes
e02,English,10,tp1,point,0,0,0,0,yes
e02,English,10,tp1,ho_gv,0,0,0,0,yes
e02,English,10,tp2,reach,0,0,0,0,no
e02,English,10,tp2,point,0,0,0,0,no
e02,English,10,tp2,ho_gv,0,0,0,0,no
e02,English,11,five,reach,0,0,0,0,no
e02,English,11,five,point,0,0,0,0,no
e02,English,11,five,ho_gv,0,0,0,0,no
e02,English,11,tp1,reach,0,0,0,0,no
e02,English,11,tp1,point,0,0,0,0,no
e02,English,11,tp1,ho_gv,0,0,0,0,no
e02,English,11,tp2,reach,0,0,0,0,no
e02,English,11,tp2,point,0,0,0,0,no
e02,English,11,tp2,ho_gv,0,0,0,0,no
e02,English,12,five,reach,1,1,0,0,no
e02,English,12,five,point,0,0,0,0,no
e02,English,12,five,ho_gv,0,0,0,0,no
e02,English,12,tp1,reach,0,0,0,0,no
e02,English,12,tp1,point,0,0,0,0,no
e02,English,12,tp1,ho_gv,0,0,0,0,no
e02,English,12,tp2,reach,0,0,0,0,no
e02,English,12,tp2,point,0,0,0,0,no
e02,English,12,tp2,ho_gv,0,0,0,0,no
e03,English,10,five,reach,2,2,0,0,no
e03,English,10,five,point,0,0,0,0,no
e03,English,10,five,ho_gv,0,0,0,0,no
e03,English,10,tp1,reach,0,0,0,0,no
e03,English,10,tp1,point,0,0,0,0,no
e03,English,10,tp1,ho_gv,1,1,0,0,no
e03,English,10,tp2,reach,0,0,0,0,no
e03,English,10,tp2,point,0,0,0,0,no
e03,English,10,tp2,ho_gv,5,5,2,2,no
e03,English,11,five,reach,2,2,1,1,no
e03,English,11,five,point,1,1,0,0,no
e03,English,11,five,ho_gv,0,0,0,0,no
e03,English,11,tp1,reach,0,0,0,0,no
e03,English,11,tp1,point,0,0,0,0,no
e03,English,11,tp1,ho_gv,3,3,2,2,no
e03,English,11,tp2,reach,0,0,0,0,no
e03,English,11,tp2,point,0,0,0,0,no
e03,English,11,tp2,ho_gv,0,0,0,0,no
e03,English,12,five,reach,0,0,0,0,no
e03,English,12,five,point,3,3,0,0,no
e03,English,12,five,ho_gv,0,0,0,0,no
e03,English,12,tp1,reach,1,1,0,0,no
e03,English,12,tp1,point,4,4,0,0,no
e03,English,12,tp1,ho_gv,6,6,4,4,no
e03,English,12,tp2,reach,0,0,0,0,no
e03,English,12,tp2,point,0,0,0,0,no
e03,English,12,tp2,ho_gv,3,3,2,2,no
e04,English,10,five,reach,8,8,4,4,no
e04,English,10,five,point,0,0,0,0,no
e04,English,10,five,ho_gv,0,0,0,0,no
e04,English,10,tp1,reach,0,0,0,0,no
e04,English,10,tp1,point,0,0,0,0,no
e04,English,10,tp1,ho_gv,3,3,0,0,no
e04,English,10,tp2,reach,0,0,0,0,no
e04,English,10,tp2,point,0,0,0,0,no
e04,English,10,tp2,ho_gv,0,0,0,0,no
e04,English,11,five,reach,3,3,0,0,no
e04,English,11,five,point,0,0,0,0,no
e04,English,11,five,ho_gv,0,0,0,0,no
e04,English,11,tp1,reach,0,0,0,0,no
e04,English,11,tp1,point,0,0,0,0,no
e04,English,11,tp1,ho_gv,0,0,0,0,no
e04,English,11,tp2,reach,0,0,0,0,no
e04,English,11,tp2,point,0,0,0,0,no
e04,English,11,tp2,ho_gv,1,1,1,1,no
e04,English,12,five,reach,5,5,0,0,no
e04,English,12,five,point,14,14,5,5,no
e04,English,12,five,ho_gv,0,0,0,0,no
e04,English,12,tp1,reach,0,0,0,0,no
e04,English,12,tp1,point,0,0,0,0,no
e04,English,12,tp1,ho_gv,9,9,2,2,no
e04,English,12,tp2,reach,0,0,0,0,no
e04,English,12,tp2,point,0,0,0,0,no
e04,English,12,tp2,ho_gv,1,1,0,0,no
e05,English,10,five,reach,0,0,0,0,no
e05,English,10,five,point,39,39,21,21,no
e05,English,10,five,ho_gv,0,0,0,0,no
e05,English,10,tp1,reach,0,0,0,0,no
e05,English,10,tp1,point,9,9,9,9,no
e05,English,10,tp1,ho_gv,1,1,0,0,no
e05,English,10,tp2,reach,0,0,0,0,no
e05,English,10,tp2,point,0,0,0,0,no
e05,English,10,tp2,ho_gv,0,0,0,0,no
e05,English,11,five,reach,0,0,0,0,no
e05,English,11,five,point,41,41,21,21,no
e05,English,11,five,ho_gv,0,0,0,0,no
e05,English,11,tp1,reach,0,0,0,0,no
e05,English,11,tp1,point,11,11,6,6,no
e05,English,11,tp1,ho_gv,3,3,1,1,no
e05,English,11,tp2,reach,0,0,0,0,no
e05,English,11,tp2,point,0,0,0,0,no
e05,English,11,tp2,ho_gv,7,7,0,0,no
e05,English,12,five,reach,0,0,0,0,no
e05,English,12,five,point,42,42,29,29,no
e05,English,12,five,ho_gv,0,0,0,0,no
e05,English,12,tp1,reach,0,0,0,0,no
e05,English,12,tp1,point,4,4,1,1,no
e05,English,12,tp1,ho_gv,1,1,0,0,no
e05,English,12,tp2,reach,0,0,0,0,no
e05,English,12,tp2,point,0,0,0,0,no
e05,English,12,tp2,ho_gv,6,6,3,3,no
e06,English,10,five,reach,9,9,0,0,no
e06,English,10,five,point,0,0,0,0,no
e06,English,10,five,ho_gv,0,0,0,0,no
e06,English,10,tp1,reach,0,0,0,0,no
e06,English,10,tp1,point,0,0,0,0,no
e06,English,10,tp1,ho_gv,0,0,0,0,no
e06,English,10,tp2,reach,0,0,0,0,no
e06,English,10,tp2,point,0,0,0,0,no
e06,English,10,tp2,ho_gv,0,0,0,0,no
e06,English,11,five,reach,7,7,0,0,no
e06,English,11,five,point,0,0,0,0,no
e06,English,11,five,ho_gv,0,0,0,0,no
e06,English,11,tp1,reach,0,0,0,0,no
e06,English,11,tp1,point,0,0,0,0,no
e06,English,11,tp1,ho_gv,1,1,0,0,no
e06,English,11,tp2,reach,0,0,0,0,no
e06,English,11,tp2,point,0,0,0,0,no
e06,English,11,tp2,ho_gv,0,0,0,0,no
e06,English,12,five,reach,5,5,0,0,no
e06,English,12,five,point,0,0,0,0,no
e06,English,12,five,ho_gv,0,0,0,0,no
e06,English,12,tp1,reach,0,0,0,0,no
e06,English,12,tp1,point,0,0,0,0,no
e06,English,12,tp1,ho_gv,0,0,0,0,no
e06,English,12,tp2,reach,0,0,0,0,no
e06,English,12,tp2,point,0,0,0,0,no
e06,English,12,tp2,ho_gv,2,2,0,0,no
e07,English,10,five,reach,1,1,0,0,no
e07,English,10,five,point,0,0,0,0,no
e07,English,10,five,ho_gv,0,0,0,0,no
e07,English,10,tp1,reach,0,0,0,0,no
e07,English,10,tp1,point,0,0,0,0,no
e07,English,10,tp1,ho_gv,0,0,0,0,no
e07,English,10,tp2,reach,0,0,0,0,no
e07,English,10,tp2,point,0,0,0,0,no
e07,English,10,tp2,ho_gv,0,0,0,0,no
e07,English,11,five,reach,1,1,0,0,no
e07,English,11,five,point,0,0,0,0,no
e07,English,11,five,ho_gv,0,0,0,0,no
e07,English,11,tp1,reach,0,0,0,0,no
e07,English,11,tp1,point,0,0,0,0,no
e07,English,11,tp1,ho_gv,0,0,0,0,no
e07,English,11,tp2,reach,0,0,0,0,no
e07,English,11,tp2,point,0,0,0,0,no
e07,English,11,tp2,ho_gv,1,1,1,1,no
e07,English,12,five,reach,0,0,0,0,no
e07,English,12,five,point,3,3,2,2,no
e07,English,12,five,ho_gv,0,0,0,0,no
e07,English,12,tp1,reach,0,0,0,0,no
e07,English,12,tp1,point,1,1,0,0,no
e07,English,12,tp1,ho_gv,2,2,2,2,no
e07,English,12,tp2,reach,0,0,0,0,no
e07,English,12,tp2,point,0,0,0,0,no
e07,English,12,tp2,ho_gv,0,0,0,0,no
e08,English,10,five,reach,5,5,3,3,no
e08,English,10,five,point,1,1,0,0,no
e08,English,10,five,ho_gv,0,0,0,0,no
e08,English,10,tp1,reach,0,0,0,0,no
e08,English,10,tp1,point,0,0,0,0,no
e08,English,10,tp1,ho_gv,0,0,0,0,no
e08,English,10,tp2,reach,0,0,0,0,no
e08,English,10,tp2,point,0,0,0,0,no
e08,English,10,tp2,ho_gv,0,0,0,0,no
e08,English,11,five,reach,0,0,0,0,no
e08,English,11,five,point,8,8,4,4,no
e08,English,11,five,ho_gv,0,0,0,0,no
e08,English,11,tp1,reach,0,0,0,0,no
e08,English,11,tp1,point,0,0,0,0,no
e08,English,11,tp1,ho_gv,1,1,0,0,no
e08,English,11,tp2,reach,0,0,0,0,no
e08,English,11,tp2,point,0,0,0,0,no
e08,English,11,tp2,ho_gv,1,1,1,1,no
e08,English,12,five,reach,2,2,0,0,no
e08,English,12,five,point,14,14,9,9,no
e08,English,12,five,ho_gv,0,0,0,0,no
e08,English,12,tp1,reach,0,0,0,0,no
e08,English,12,tp1,point,6,6,0,0,no
e08,English,12,tp1,ho_gv,6,6,0,0,no
e08,English,12,tp2,reach,0,0,0,0,no
e08,English,12,tp2,point,3,3,2,2,no
e08,English,12,tp2,ho_gv,6,6,2,2,no
e09,English,10,five,reach,1,1,0,0,no
e09,English,10,five,point,3,3,1,1,no
e09,English,10,five,ho_gv,0,0,0,0,no
e09,English,10,tp1,reach,0,0,0,0,no
e09,English,10,tp1,point,0,0,0,0,no
e09,English,10,tp1,ho_gv,0,0,0,0,no
e09,English,10,tp2,reach,1,1,0,0,no
e09,English,10,tp2,point,0,0,0,0,no
e09,English,10,tp2,ho_gv,1,1,0,0,no
e09,English,11,five,reach,0,0,0,0,no
e09,English,11,five,point,5,5,3,3,no
e09,English,11,five,ho_gv,0,0,0,0,no
e09,English,11,tp1,reach,0,0,0,0,no
e09,English,11,tp1,point,0,0,0,0,no
e09,English,11,tp1,ho_gv,0,0,0,0,no
e09,English,11,tp2,reach,0,0,0,0,no
e09,English,11,tp2,point,0,0,0,0,no
e09,English,11,tp2,ho_gv,3,3,2,2,no
e09,English,12,five,reach,2,2,1,1,no
e09,English,12,five,point,1,1,1,1,no
e09,English,12,five,ho_gv,0,0,0,0,no
e09,English,12,tp1,reach,0,0,0,0,no
e09,English,12,tp1,point,0,0,0,0,no
e09,English,12,tp1,ho_gv,5,5,0,0,no
e09,English,12,tp2,reach,0,0,0,0,no
e09,English,12,tp2,point,0,0,0,0,no
e09,English,12,tp2,ho_gv,12,12,3,3,no
e10,English,10,five,reach,0,0,0,0,no
e10,English,10,five,point,0,0,0,0,no
e10,English,10,five,ho_gv,0,0,0,0,no
e10,English,10,tp1,reach,0,0,0,0,no
e10,English,10,tp1,point,0,0,0,0,no
e10,English,10,tp1,ho_gv,0,0,0,0,no
e10,English,10,tp2,reach,0,0,0,0,no
e10,English,10,tp2,point,0,0,0,0,no
e10,English,10,tp2,ho_gv,0,0,0,0,no
e10,English,11,five,reach,1,1,0,0,no
e10,English,11,five,point,0,0,0,0,no
e10,English,11,five,ho_gv,0,0,0,0,no
e10,English,11,tp1,reach,0,0,0,0,no
e10,English,11,tp1,point,0,0,0,0,no
e10,English,11,tp1,ho_gv,0,0,0,0,no
e10,English,11,tp2,reach,0,0,0,0,no
e10,English,11,tp2,point,0,0,0,0,no
e10,English,11,tp2,ho_gv,2,2,1,1,no
e10,English,12,five,reach,2,2,1,1,no
e10,English,12,five,point,0,0,0,0,no
e10,English,12,five,ho_gv,0,0,0,0,no
e10,English,12,tp1,reach,0,0,0,0,no
e10,English,12,tp1,point,0,0,0,0,no
e10,English,12,tp1,ho_gv,0,0,0,0,no
e10,English,12,tp2,reach,0,0,0,0,no
e10,English,12,tp2,point,0,0,0,0,no
e10,English,12,tp2,ho_gv,0,0,0,0,no
e11,English,10,five,reach,0,0,0,0,no
e11,English,10,five,point,0,0,0,0,no
e11,English,10,five,ho_gv,0,0,0,0,no
e11,English,10,tp1,reach,0,0,0,0,no
e11,English,10,tp1,point,0,0,0,0,no
e11,English,10,tp1,ho_gv,0,0,0,0,no
e11,English,10,tp2,reach,0,0,0,0,no
e11,English,10,tp2,point,0,0,0,0,no
e11,English,10,tp2,ho_gv,1,1,0,0,no
e11,English,11,five,reach,0,0,0,0,no
e11,English,11,five,point,0,0,0,0,no
e11,English,11,five,ho_gv,0,0,0,0,no
e11,English,11,tp1,reach,0,0,0,0,no
e11,English,11,tp1,point,0,0,0,0,no
e11,English,11,tp1,ho_gv,0,0,0,0,no
e11,English,11,tp2,reach,0,0,0,0,no
e11,English,11,tp2,point,0,0,0,0,no
e11,English,11,tp2,ho_gv,0,0,0,0,no
e11,English,12,five,reach,0,0,0,0,no
e11,English,12,five,point,0,0,0,0,no
e11,English,12,five,ho_gv,0,0,0,0,no
e11,English,12,tp1,reach,0,0,0,0,no
e11,English,12,tp1,point,0,0,0,0,no
e11,English,12,tp1,ho_gv,1,1,0,0,no
e11,English,12,tp2,reach,0,0,0,0,no
e11,English,12,tp2,point,0,0,0,0,no
e11,English,12,tp2,ho_gv,1,1,0,0,no
e12,English,10,five,reach,0,0,0,0,no
e12,English,10,five,point,0,0,0,0,no
e12,English,10,five,ho_gv,0,0,0,0,no
e12,English,10,tp1,reach,0,0,0,0,no
e12,English,10,tp1,point,0,0,0,0,no
e12,English,10,tp1,ho_gv,0,0,0,0,no
e12,English,10,tp2,reach,0,0,0,0,no
e12,English,10,tp2,point,0,0,0,0,no
e12,English,10,tp2,ho_gv,0,0,0,0,no
e12,English,11,five,reach,0,0,0,0,no
e12,English,11,five,point,0,0,0,0,no
e12,English,11,five,ho_gv,1,1,0,0,no
e12,English,11,tp1,reach,0,0,0,0,no
e12,English,11,tp1,point,0,0,0,0,no
e12,English,11,tp1,ho_gv,8,8,1,1,no
e12,English,11,tp2,reach,0,0,0,0,no
e12,English,11,tp2,point,0,0,0,0,no
e12,English,11,tp2,ho_gv,1,1,1,1,no
e12,English,12,five,reach,3,3,2,2,no
e12,English,12,five,point,0,0,0,0,no
e12,English,12,five,ho_gv,0,0,0,0,no
e12,English,12,tp1,reach,0,0,0,0,no
e12,English,12,tp1,point,0,0,0,0,no
e12,English,12,tp1,ho_gv,3,3,0,0,no
e12,English,12,tp2,reach,0,0,0,0,no
e12,English,12,tp2,point,0,0,0,0,no
e12,English,12,tp2,ho_gv,0,0,0,0,no
e13,English,10,five,reach,0,0,0,0,no
e13,English,10,five,point,0,0,0,0,no
e13,English,10,five,ho_gv,0,0,0,0,no
e13,English,10,tp1,reach,0,0,0,0,no
e13,English,10,tp1,point,0,0,0,0,no
e13,English,10,tp1,ho_gv,1,1,0,0,no
e13,English,10,tp2,reach,0,0,0,0,no
e13,English,10,tp2,point,0,0,0,0,no
e13,English,10,tp2,ho_gv,0,0,0,0,no
e13,English,11,five,reach,5,5,3,3,no
e13,English,11,five,point,0,0,0,0,no
e13,English,11,five,ho_gv,0,0,0,0,no
e13,English,11,tp1,reach,0,0,0,0,no
e13,English,11,tp1,point,0,0,0,0,no
e13,English,11,tp1,ho_gv,0,0,0,0,no
e13,English,11,tp2,reach,0,0,0,0,no
e13,English,11,tp2,point,0,0,0,0,no
e13,English,11,tp2,ho_gv,0,0,0,0,no
e13,English,12,five,reach,1,1,1,1,no
e13,English,12,five,point,0,0,0,0,no
e13,English,12,five,ho_gv,0,0,0,0,no
e13,English,12,tp1,reach,0,0,0,0,no
e13,English,12,tp1,point,0,0,0,0,no
e13,English,12,tp1,ho_gv,0,0,0,0,no
e13,English,12,tp2,reach,0,0,0,0,no
e13,English,12,tp2,point,0,0,0,0,no
e13,English,12,tp2,ho_gv,0,0,0,0,no
e14,English,10,five,reach,1,1,0,0,no
e14,English,10,five,point,0,0,0,0,no
e14,English,10,five,ho_gv,0,0,0,0,no
e14,English,10,tp1,reach,0,0,0,0,yes
e14,English,10,tp1,point,0,0,0,0,yes
e14,English,10,tp1,ho_gv,1,1,0,0,yes
e14,English,10,tp2,reach,0,0,0,0,no
e14,English,10,tp2,point,0,0,0,0,no
e14,English,10,tp2,ho_gv,0,0,0,0,no
e14,English,11,five,reach,4,4,1,1,no
e14,English,11,five,point,3,3,3,3,no
e14,English,11,five,ho_gv,0,0,0,0,no
e14,English,11,tp1,reach,0,0,0,0,no
e14,English,11,tp1,point,0,0,0,0,no
e14,English,11,tp1,ho_gv,2,2,0,0,no
e14,English,11,tp2,reach,0,0,0,0,no
e14,English,11,tp2,point,0,0,0,0,no
e14,English,11,tp2,ho_gv,0,0,0,0,no
e14,English,12,five,reach,8,10,1,1,yes
e14,English,12,five,point,1,1,0,0,yes
e14,English,12,five,ho_gv,0,0,0,0,yes
e14,English,12,tp1,reach,0,0,0,0,no
e14,English,12,tp1,point,0,0,0,0,no
e14,English,12,tp1,ho_gv,6,6,0,0,no
e14,English,12,tp2,reach,0,0,0,0,no
e14,English,12,tp2,point,0,0,0,0,no
e14,English,12,tp2,ho_gv,2,2,0,0,no
e15,English,10,five,reach,1,1,0,0,no
e15,English,10,five,point,0,0,0,0,no
e15,English,10,five,ho_gv,0,0,0,0,no
e15,English,10,tp1,reach,0,0,0,0,no
e15,English,10,tp1,point,0,0,0,0,no
e15,English,10,tp1,ho_gv,0,0,0,0,no
e15,English,10,tp2,reach,0,0,0,0,no
e15,English,10,tp2,point,0,0,0,0,no
e15,English,10,tp2,ho_gv,1,1,0,0,no
e15,English,11,five,reach,1,1,1,1,no
e15,English,11,five,point,0,0,0,0,no
e15,English,11,five,ho_gv,0,0,0,0,no
e15,English,11,tp1,reach,0,0,0,0,no
e15,English,11,tp1,point,0,0,0,0,no
e15,English,11,tp1,ho_gv,0,0,0,0,no
e15,English,11,tp2,reach,0,0,0,0,no
e15,English,11,tp2,point,0,0,0,0,no
e15,English,11,tp2,ho_gv,0,0,0,0,no
e15,English,12,five,reach,3,3,1,1,no
e15,English,12,five,point,1,1,1,1,no
e15,English,12,five,ho_gv,0,0,0,0,no
e15,English,12,tp1,reach,0,0,0,0,no
e15,English,12,tp1,point,0,0,0,0,no
e15,English,12,tp1,ho_gv,0,0,0,0,no
e15,English,12,tp2,reach,0,0,0,0,no
e15,English,12,tp2,point,0,0,0,0,no
e15,English,12,tp2,ho_gv,1,1,0,0,no
e16,English,10,five,reach,0,0,0,0,no
e16,English,10,five,point,12,12,0,0,no
e16,English,10,five,ho_gv,0,0,0,0,no
e16,English,10,tp1,reach,0,0,0,0,no
e16,English,10,tp1,point,0,0,0,0,no
e16,English,10,tp1,ho_gv,0,0,0,0,no
e16,English,10,tp2,reach,0,0,0,0,no
e16,English,10,tp2,point,3,3,1,1,no
e16,English,10,tp2,ho_gv,8,8,4,4,no
e16,English,11,five,reach,11,11,1,1,no
e16,English,11,five,point,17,17,4,4,no
e16,English,11,five,ho_gv,0,0,0,0,no
e16,English,11,tp1,reach,0,0,0,0,no
e16,English,11,tp1,point,0,0,0,0,no
e16,English,11,tp1,ho_gv,4,4,1,1,no
e16,English,11,tp2,reach,0,0,0,0,no
e16,English,11,tp2,point,0,0,0,0,no
e16,English,11,tp2,ho_gv,1,1,0,0,no
e16,English,12,five,reach,1,1,0,0,no
e16,English,12,five,point,10,10,2,2,no
e16,English,12,five,ho_gv,0,0,0,0,no
e16,English,12,tp1,reach,1,1,0,0,no
e16,English,12,tp1,point,7,7,5,5,no
e16,English,12,tp1,ho_gv,11,11,3,3,no
e16,English,12,tp2,reach,1,1,0,0,no
e16,English,12,tp2,point,2,2,1,1,no
e16,English,12,tp2,ho_gv,1,1,1,1,no
e17,English,10,five,reach,0,0,0,0,no
e17,English,10,five,point,8,8,2,2,no
e17,English,10,five,ho_gv,0,0,0,0,no
e17,English,10,tp1,reach,0,0,0,0,no
e17,English,10,tp1,point,0,0,0,0,no
e17,English,10,tp1,ho_gv,0,0,0,0,no
e17,English,10,tp2,reach,0,0,0,0,no
e17,English,10,tp2,point,0,0,0,0,no
e17,English,10,tp2,ho_gv,0,0,0,0,no
e17,English,11,five,reach,1,1,1,1,no
e17,English,11,five,point,6,6,4,4,no
e17,English,11,five,ho_gv,0,0,0,0,no
e17,English,11,tp1,reach,0,0,0,0,no
e17,English,11,tp1,point,0,0,0,0,no
e17,English,11,tp1,ho_gv,4,4,0,0,no
e17,English,11,tp2,reach,0,0,0,0,no
e17,English,11,tp2,point,0,0,0,0,no
e17,English,11,tp2,ho_gv,3,3,1,1,no
e17,English,12,five,reach,0,0,0,0,no
e17,English,12,five,point,3,3,2,2,no
e17,English,12,five,ho_gv,0,0,0,0,no
e17,English,12,tp1,reach,0,0,0,0,no
e17,English,12,tp1,point,0,0,0,0,no
e17,English,12,tp1,ho_gv,0,0,0,0,no
e17,English,12,tp2,reach,0,0,0,0,no
e17,English,12,tp2,point,1,1,0,0,no
e17,English,12,tp2,ho_gv,0,0,0,0,no
e18,English,10,five,reach,3,3,0,0,no
e18,English,10,five,point,0,0,0,0,no
e18,English,10,five,ho_gv,0,0,0,0,no
e18,English,10,tp1,reach,0,0,0,0,no
e18,English,10,tp1,point,0,0,0,0,no
e18,English,10,tp1,ho_gv,0,0,0,0,no
e18,English,10,tp2,reach,0,0,0,0,no
e18,English,10,tp2,point,0,0,0,0,no
e18,English,10,tp2,ho_gv,0,0,0,0,no
e18,English,11,five,reach,0,0,0,0,no
e18,English,11,five,point,0,0,0,0,no
e18,English,11,five,ho_gv,0,0,0,0,no
e18,English,11,tp1,reach,0,0,0,0,no
e18,English,11,tp1,point,0,0,0,0,no
e18,English,11,tp1,ho_gv,1,1,0,0,no
e18,English,11,tp2,reach,0,0,0,0,no
e18,English,11,tp2,point,0,0,0,0,no
e18,English,11,tp2,ho_gv,0,0,0,0,no
e18,English,12,five,reach,1,1,1,1,no
e18,English,12,five,point,0,0,0,0,no
e18,English,12,five,ho_gv,0,0,0,0,no
e18,English,12,tp1,reach,0,0,0,0,no
e18,English,12,tp1,point,0,0,0,0,no
e18,English,12,tp1,ho_gv,5,5,0,0,no
e18,English,12,tp2,reach,0,0,0,0,no
e18,English,12,tp2,point,0,0,0,0,no
e18,English,12,tp2,ho_gv,1,1,0,0,no
e19,English,10,five,reach,0,0,0,0,no
e19,English,10,five,point,0,0,0,0,no
e19,English,10,five,ho_gv,0,0,0,0,no
e19,English,10,tp1,reach,0,0,0,0,no
e19,English,10,tp1,point,0,0,0,0,no
e19,English,10,tp1,ho_gv,0,0,0,0,no
e19,English,10,tp2,reach,0,0,0,0,no
e19,English,10,tp2,point,0,0,0,0,no
e19,English,10,tp2,ho_gv,0,0,0,0,no
e19,English,11,five,reach,0,0,0,0,no
e19,English,11,five,point,1,1,1,1,no
e19,English,11,five,ho_gv,0,0,0,0,no
e19,English,11,tp1,reach,0,0,0,0,no
e19,English,11,tp1,point,1,1,0,0,no
e19,English,11,tp1,ho_gv,2,2,0,0,no
e19,English,11,tp2,reach,0,0,0,0,no
e19,English,11,tp2,point,0,0,0,0,no
e19,English,11,tp2,ho_gv,0,0,0,0,no
e19,English,12,five,reach,,,,,no
e19,English,12,five,point,,,,,no
e19,English,12,five,ho_gv,,,,,no
e19,English,12,tp1,reach,,,,,no
e19,English,12,tp1,point,,,,,no
e19,English,12,tp1,ho_gv,,,,,no
e19,English,12,tp2,reach,,,,,no
e19,English,12,tp2,point,,,,,no
e19,English,12,tp2,ho_gv,,,,,no
e20,English,10,five,reach,0,0,0,0,no
e20,English,10,five,point,0,0,0,0,no
e20,English,10,five,ho_gv,0,0,0,0,no
e20,English,10,tp1,reach,0,0,0,0,no
e20,English,10,tp1,point,0,0,0,0,no
e20,English,10,tp1,ho_gv,0,0,0,0,no
e20,English,10,tp2,reach,0,0,0,0,no
e20,English,10,tp2,point,0,0,0,0,no
e20,English,10,tp2,ho_gv,0,0,0,0,no
e20,English,11,five,reach,0,0,0,0,no
e20,English,11,five,point,0,0,0,0,no
e20,English,11,five,ho_gv,0,0,0,0,no
e20,English,11,tp1,reach,0,0,0,0,no
e20,English,11,tp1,point,0,0,0,0,no
e20,English,11,tp1,ho_gv,2,2,0,0,no
e20,English,11,tp2,reach,0,0,0,0,no
e20,English,11,tp2,point,0,0,0,0,no
e20,English,11,tp2,ho_gv,0,0,0,0,no
e20,English,12,five,reach,0,0,0,0,no
e20,English,12,five,point,0,0,0,0,no
e20,English,12,five,ho_gv,0,0,0,0,no
e20,English,12,tp1,reach,0,0,0,0,no
e20,English,12,tp1,point,0,0,0,0,no
e20,English,12,tp1,ho_gv,0,0,0,0,no
e20,English,12,tp2,reach,0,0,0,0,no
e20,English,12,tp2,point,0,0,0,0,no
e20,English,12,tp2,ho_gv,1,1,1,1,no
